repository,issues_analyzed,mean_days,std_dev_days,p25_days,median_days,p75_days,min_days,max_days,total_days,fast_resolutions
Automattic/vip-cli,543,18.8456,51.7067,0.4,2.7112,15.6897,0.0002,591.129,10233.1597,83
arlac77/aggregation-repository-provider,1161,0.2593,0.7745,0.01,0.023,0.1731,0.0,11.5286,301.0453,677
semantic-release/gitlab-config,83,4.2587,24.9377,0.02,0.0698,0.6068,0.0007,225.884,353.469,30
Jahia/site-settings-seo,12,103.0129,160.4158,2.13,9.7245,217.3913,0.0795,561.0237,1236.1554,0
semantic-release/gitlab,168,10.7356,40.1912,0.05,0.3738,4.1513,0.0026,334.8675,1803.5742,34
ooni/explorer,447,46.3677,75.5076,2.68,12.6753,58.0513,0.0001,468.8917,20726.3623,30
DFE-Digital/login.dfe.support,310,2.8176,14.96,0.0,0.026,0.5704,0.0002,210.9842,873.4552,175
bugsnag/bugsnag-build-reporter-node,8,7.6741,5.5233,4.75,7.6829,13.9108,0.0047,15.0116,61.3926,1
wix-incubator/wix-code-docs,407,3.5818,31.4403,0.0,0.0039,0.035,0.0,442.841,1457.7929,313
arlac77/svn-repository-provider,660,0.3627,1.394,0.01,0.0346,0.1824,0.0001,16.7906,239.3834,356
explorable-viz/fluid,370,28.6388,147.5478,0.0,0.0011,2.8394,0.0001,2481.7299,10596.3517,238
egy186/annict-backup,39,8.9657,32.918,0.02,0.3695,2.3891,0.0009,196.7579,349.6612,14
discourse/discourse-brand-header,5,0.5851,1.1058,0.0,0.0208,0.1039,0.0018,2.7954,2.9255,3
maniator/react-badly,41,12.2067,13.1653,3.0,11.9986,15.638,0.0025,63.6392,500.4734,2
discourse/discourse-characters-required,8,0.214,0.2716,0.06,0.0684,0.4266,0.0044,0.8361,1.7117,2
gardener/dashboard,862,35.7504,94.334,0.33,4.7357,24.8102,0.0004,928.8499,30816.877,119
githublitao/api_automation_test,74,104.0008,107.2573,6.14,68.9706,162.2094,0.0002,351.8436,7696.0558,10
liuxinqiong/reading-notes,1,170.3569,0.0,170.36,170.3569,170.3569,170.3569,170.3569,170.3569,0
nickschot/ember-mobile-menu,96,39.5703,111.8218,0.01,0.0535,5.7636,0.0001,656.9007,3798.7491,46
gkjohnson/three-mesh-bvh,151,79.7853,182.9456,0.82,3.0005,38.5456,0.0001,743.8137,12047.5781,15
nice-move/nice-move,17,19.3764,47.8878,0.13,1.7075,7.0043,0.0067,199.1045,329.398,3
maproulette/maproulette3,1423,32.6631,107.4665,0.02,0.5257,6.0349,0.0001,766.013,46479.5451,481
TheGiddyLimit/homebrew,729,0.9488,6.2972,0.04,0.1802,0.5296,0.0001,146.5225,691.6577,183
georgegillams/georgegillams.co.uk,817,11.1798,37.6574,0.01,0.0522,3.3705,0.0,364.4266,9133.9223,396
codeaholics/node-red-contrib-evohome,1,2.9682,0.0,2.97,2.9682,2.9682,2.9682,2.9682,2.9682,0
nick-less/webpack-compass-imagehelper,8,0.0716,0.082,0.01,0.0111,0.1962,0.0092,0.1962,0.5725,5
oclif/eslint-config-oclif,53,13.768,27.7967,0.46,2.9131,14.0015,0.002,161.12,729.7047,5
miroshkin/miroshkin.github.io,11,18.8629,47.2004,0.0,0.0049,0.0055,0.0006,162.4719,207.4921,9
kisssdev/kis-jsdoc-plugin,5,19.5289,16.5604,10.05,17.335,20.8289,0.007,49.4247,97.6446,1
ayselafsar/dicomviewer,61,39.4256,63.6939,1.48,9.8708,41.5689,0.001,324.3463,2404.9641,5
dhis2/user-app,620,3.2128,12.7467,0.06,0.2447,2.0108,0.0001,139.945,1991.9272,92
scratchfoundation/scratch-svg-renderer,151,37.508,84.1397,0.68,6.194,25.3852,0.0001,650.1987,5663.7048,25
qub-it/fenixedu-ulisboa-applications,2,2.0408,2.0052,0.04,4.046,4.046,0.0356,4.046,4.0815,1
liatrio/devops-bootcamp,149,6.2435,34.4617,0.0,0.1087,0.9637,0.0001,383.1345,930.2871,61
scriptex/webpack-mpa,579,1.0524,8.6549,0.27,0.4542,0.6991,0.0004,205.7734,609.3187,42
JaninaWibker/html_to_md,1,10.7456,0.0,10.75,10.7456,10.7456,10.7456,10.7456,10.7456,0
DataDog/dd-trace-js,1097,28.4496,105.1203,0.08,0.9338,5.1885,0.0001,883.0836,31209.159,236
superhero/js.core,25,7.3173,14.2982,0.01,0.206,6.2313,0.0008,61.9149,182.9319,9
WazeDev/WME-GIS-Layers,51,16.4549,40.2666,0.05,0.694,2.8805,0.0001,166.1671,839.2022,12
entando/app-builder,970,2.0644,11.1953,0.01,0.0692,0.8516,0.0001,232.8893,2002.462,440
snowflakedb/snowflake-connector-nodejs,106,12.7237,28.9536,0.03,0.8836,9.0258,0.0001,147.3525,1348.7138,31
dan-mba/dan-mba.github.io,37,0.5444,1.8805,0.0,0.198,0.2248,0.0001,11.5377,20.1435,13
Kikobeats/xml-urls,70,5.0218,30.2487,0.02,0.0987,0.3664,0.0002,247.3558,351.5295,26
sprx97/OldTimeHockey,56,156.5922,147.3483,5.96,194.0938,265.0541,0.0002,689.2495,8769.1615,3
graphql/graphql-over-http,128,16.1526,44.8296,0.11,0.5547,14.0025,0.0029,329.1566,2067.5373,19
scbd/oasis.cbd.int,39,0.1064,0.4495,0.0,0.0008,0.0404,0.0001,2.8494,4.151,30
travi/cli,1689,1.1336,18.3271,0.0,0.0028,0.0485,0.0,719.6238,1914.6839,1209
HeliumEdu/frontend,42,2.1947,6.6973,0.03,0.0789,0.1914,0.0005,31.1201,92.1764,15
mdefaux/forte-table,24,9.3108,18.3542,0.01,0.0885,6.7783,0.0003,61.6576,223.4583,7
chrisguttandin/broker-factory,234,0.5577,1.7202,0.05,0.1543,0.375,0.0012,14.8715,130.5036,41
chrisguttandin/worker-factory,246,0.5394,1.6927,0.05,0.1059,0.3399,0.0002,14.8531,132.69,52
shahkashani/stills,3,32.7901,43.7261,0.01,3.772,94.5899,0.0085,94.5899,98.3704,1
highcharts/highcharts-utils,28,33.7952,93.8903,0.1,0.8207,4.0446,0.0002,394.9334,946.2649,6
sauron4er/PLXK,12,77.7306,72.3867,19.94,55.4698,167.9457,0.0009,203.7016,932.7672,2
ROldford/puerto-rico-scoresheet,7,36.28,46.5146,0.55,2.7705,80.7733,0.224,126.6295,253.9597,0
DFE-Digital/login.dfe.audit.winston-sequelize-transport,20,1.346,5.5817,0.0,0.0151,0.0608,0.0011,25.6707,26.9195,14
jermbo/SampleAPIs,107,4.0343,19.5587,0.0,0.0011,0.1797,0.0001,154.762,431.6671,69
hmerritt/discord-encryption,7,153.3895,201.379,0.34,56.6904,459.0043,0.0168,479.0062,1073.7267,1
UKHomeOffice/asl,300,0.7642,2.6639,0.0,0.0124,0.1516,0.0001,33.923,229.2702,190
UKHomeOffice/asl-public-api,309,1.0208,2.3584,0.01,0.0555,0.8464,0.0004,16.9064,315.4289,147
DFE-Digital/login.dfe.saml-assertions,85,3.4614,27.2064,0.0,0.0092,0.0509,0.0001,251.4939,294.2167,58
pubkey/eth-crypto,342,1.7906,10.1367,0.04,0.0634,0.1117,0.0003,110.1597,612.3926,87
DEFRA/hapi-pg-rest-api,114,44.9806,73.0809,0.99,16.9733,58.3037,0.0001,429.5434,5127.788,22
neighborhood999/vue-signature-pad,255,19.5104,32.8017,0.04,4.4196,27.7264,0.0,305.7686,4975.1593,63
code16/website,15,0.0043,0.0157,0.0,0.0001,0.0001,0.0001,0.0631,0.0641,14
PorticoEstate/PorticoEstate,1393,0.244,4.9125,0.0,0.0001,0.0001,0.0,130.0034,339.8399,1367
nutritionix/vue-nutrition-label,3,0.1874,0.1326,0.0,0.268,0.2938,0.0005,0.2938,0.5623,1
UKHomeOffice/asl-service,214,0.7071,2.032,0.0,0.018,0.2332,0.0002,20.7485,151.3175,131
ninja33/ODH,57,49.8502,120.2998,0.39,1.7538,34.3738,0.0066,598.2802,2841.4602,4
electerm/electerm-locales,14,0.4443,0.7086,0.0,0.2769,0.5641,0.0001,2.7585,6.2201,6
arpesenti/sonnen-dashboard,2,0.0025,0.0016,0.0,0.0041,0.0041,0.0009,0.0041,0.005,2
canboat/canboatjs,138,4.0708,12.9254,0.0,0.0016,0.3794,0.0001,96.1549,561.7756,85
larvit/larvitbase-www,50,27.0216,69.3793,0.05,0.1137,21.0876,0.0011,354.0704,1351.0806,7
dvrpc/TCDI,5,1.1699,0.836,0.95,1.0588,1.0964,0.0817,2.6672,5.8494,0
sjakthol/cfn-execute-change-set,2,4.2393,2.5487,1.69,6.788,6.788,1.6906,6.788,8.4786,0
NitishPuri/ProcessingExperiments,2,0.0028,0.0028,0.0,0.0056,0.0056,0.0001,0.0056,0.0057,2
JuneAndGreen/sm-crypto,24,117.1732,163.1366,9.41,30.8426,271.1905,0.0386,585.0076,2812.1567,1
BuildFire/upVotePlugin,9,5.4702,12.727,0.02,0.4134,0.9238,0.0002,41.1227,49.2314,3
dscalzi/HeliosLauncher,108,25.4999,83.8535,0.11,0.7742,14.1417,0.0003,588.9508,2753.99,16
SebOuellette/LiveBot,85,42.522,121.8156,0.04,1.2523,9.8891,0.0002,696.0761,3614.3671,22
ebshimizu/stats-of-the-storm,294,17.0186,66.656,0.28,2.1107,9.1845,0.0,949.7661,5003.4616,45
funmaker/collage,5,33.269,46.0304,12.07,12.8101,16.0934,0.6377,124.7356,166.3449,0
HowProgrammingWorks/Pool,1,0.9096,0.0,0.91,0.9096,0.9096,0.9096,0.9096,0.9096,0
fastify/fastify-zipkin,20,52.5483,160.8804,0.25,0.775,8.7762,0.0541,692.0787,1050.9669,0
fastify/fastify-citgm,1,0.8166,0.0,0.82,0.8166,0.8166,0.8166,0.8166,0.8166,0
ClearC2/grid-form-builder,166,1.7803,5.7659,0.0,0.0032,0.3113,0.0001,39.8723,295.5379,110
brunomacedo/ssl-express-www,7,34.3854,82.4041,0.01,0.0596,4.187,0.0073,236.2032,240.6975,3
movableink/data-sources-parser,8,0.7611,1.0282,0.03,0.1029,1.8467,0.0272,2.9131,6.089,3
Salesflare/unimail,74,35.8216,121.825,3.42,13.9879,31.3545,0.0011,1032.0613,2650.7966,3
ENT8R/NotesReview,60,26.6956,60.428,0.07,0.2875,10.9479,0.0003,347.6203,1601.7353,9
monk-time/userscripts,1,1.1714,0.0,1.17,1.1714,1.1714,1.1714,1.1714,1.1714,0
Starrynightzyq/starrynightzyq.github.io,5,40.8433,41.2175,18.69,18.6923,25.0064,18.6923,123.133,204.2163,0
flexiooss/hotballoon,27,47.6605,73.4929,0.0,0.0133,133.4493,0.0003,196.4152,1286.834,14
maybe2020/maybe2020.github.io,4,29.6947,22.2204,27.29,27.8081,63.1163,0.5632,63.1163,118.7787,0
opencast/annotation-tool,266,105.6605,151.0555,5.86,42.8418,139.0175,0.0015,1303.9363,28105.6873,8
weishakeji/LearningSystem,2,32.7114,20.5464,12.17,53.2578,53.2578,12.1651,53.2578,65.4229,0
ThundeRatz/ThunderSite,20,2.0087,6.9579,0.0,0.0008,0.5544,0.0001,31.8481,40.1745,14
henrycatalinismith/toad_modules,1,0.5736,0.0,0.57,0.5736,0.5736,0.5736,0.5736,0.5736,0
sanger/quanthub,79,7.6719,28.108,0.0,0.0097,2.6571,0.0018,174.8023,606.0804,51
shopgate/ext-product-reviews,17,19.4422,69.0877,0.06,0.7931,2.7187,0.0001,295.431,330.5172,3
Esri/projection-engine-db-doc,25,24.5069,46.0929,0.0,0.0434,28.1655,0.0001,148.3612,612.6731,12
manzanillo/smerge,62,78.5606,133.287,2.33,15.3033,130.1491,0.0001,542.8378,4870.759,8
surveyjs/surveyjs-wordpress,9,58.8072,110.8449,2.88,6.6436,11.0965,0.0548,344.886,529.2652,0
nickschot/ember-mobile-pane,19,54.2242,100.1804,0.0,0.8514,60.5974,0.0,359.5602,1030.2594,6
nuintun/bundler,242,4.4026,6.9836,0.8,2.2778,4.8222,0.0008,61.4492,1065.4188,13
stadelmanma/tree-sitter-fortran,43,80.5303,199.6198,0.01,1.6329,83.9521,0.0002,928.9755,3462.803,13
orgapp/orgajs,45,55.1949,104.8235,0.91,11.0331,46.4366,0.0017,613.0926,2483.769,2
iobroker-community-adapters/ioBroker.spotify-premium,60,25.7929,46.686,0.08,4.3449,32.5661,0.0001,210.6498,1547.5766,14
ryanwalters/sticky-events,128,5.6027,28.6516,0.01,0.1136,0.642,0.0002,239.7383,717.1514,48
dobernike/learn-web,42,20.2498,116.7553,0.0,0.006,0.1789,0.0001,767.4618,850.4898,31
elzup/random-word-wikipedia,4,2.1184,2.9016,0.08,1.2423,7.0762,0.0749,7.0762,8.4738,0
jaxx2104/nikuman,428,8.7947,28.6443,0.04,0.0702,0.4613,0.0005,332.0237,3764.1487,121
node-3d/image-raub,4,14.7045,16.4459,2.82,14.3322,41.6339,0.03,41.6339,58.8179,1
ev-church-website/ev-church-website,1,1.0203,0.0,1.02,1.0203,1.0203,1.0203,1.0203,1.0203,0
ecomplus/passport,11,41.7527,98.6475,0.01,0.8728,30.1176,0.0064,346.5099,459.2795,3
Opencast-Moodle/moodle-tool_opencast,16,34.6427,59.7103,0.08,8.9599,36.0616,0.0001,235.3601,554.2825,4
g33kio/vue-mousetrap,3,0.0005,0.0006,0.0,0.0001,0.0013,0.0001,0.0013,0.0015,3
bugsnag/webpack-bugsnag-plugins,46,31.2336,65.882,0.67,3.7417,32.8311,0.0055,305.0452,1436.7464,3
w3c/wai-website-theme,20,10.2447,41.2502,0.0,0.0192,0.6797,0.0001,189.8767,204.8932,11
pixilab/blocks-script,10,0.221,0.1991,0.04,0.1802,0.4582,0.0107,0.5761,2.21,2
ministryofjustice/manage-key-workers,515,0.401,2.5152,0.01,0.0248,0.0875,0.0001,51.327,206.5034,317
WebThingsIO/zigbee-adapter,213,43.7515,140.6924,0.04,0.7491,5.7459,0.0001,1012.271,9319.0765,56
streetlives/streetlives-api,40,35.616,75.581,0.1,2.9186,33.1265,0.0002,320.3325,1424.6384,9
clshortfuse/materialdesignweb,8,12.7516,25.375,0.21,0.7604,14.5773,0.0196,78.6639,102.0131,1
devcode-git/hosted-fields-sdk,12,41.8258,63.8502,2.02,14.1247,99.7132,0.0016,214.1786,501.9092,2
jue89/node-mqttsngw-mqttbroker,3,140.0573,100.2188,0.27,189.7087,230.1958,0.2674,230.1958,420.172,0
MasterRO94/laravel-mail-viewer,2,15.5451,15.5219,0.02,31.067,31.067,0.0232,31.067,31.0902,1
globus/django-globus-portal-framework,95,49.8068,89.4743,0.0,4.1591,40.8277,0.0001,353.3769,4731.6448,32
leovcunha/movie-recom,1,0.0002,0.0,0.0,0.0002,0.0002,0.0002,0.0002,0.0002,1
chuhx1024/myNotes,11,27.3831,39.3466,0.05,9.1221,27.1292,0.0048,115.0947,301.2139,1
wouterdhooghe/svenenwouter2,51,20.9782,34.599,0.56,4.3814,30.9049,0.0002,137.5812,1069.8881,6
fosskers/fosskers.ca,37,21.763,87.7948,0.01,0.2295,0.8582,0.0001,479.163,805.2293,17
orangecoding/fredy,13,17.0648,33.3599,0.0,4.745,11.2453,0.0002,124.6295,221.842,5
tandrewnichols/grunt-simple-nyc,7,10.6377,10.8493,2.58,4.1792,26.9971,0.0016,27.2318,74.4639,1
mansdahlstrom1/hass,1,426.9828,0.0,426.98,426.9828,426.9828,426.9828,426.9828,426.9828,0
fnproject/fdk-node,26,17.0674,61.5946,0.06,0.8011,9.803,0.0015,323.1273,443.7519,5
IAmAnubhavSaini/find-this-value,2,0.0009,0.0001,0.0,0.001,0.001,0.0008,0.001,0.0019,2
idsia-robotics/idsia-robotics.github.io,3,0.0059,0.0058,0.0,0.0018,0.014,0.0017,0.014,0.0176,3
jaywcjlove/oscnews,25,60.023,83.3687,0.14,14.9745,98.2264,0.0015,259.6454,1500.5747,4
OSU-AI-Club/OSU-AI-Club.github.io,51,4.2625,30.0495,0.0,0.0001,0.0002,0.0,216.7442,217.3891,46
screwdriver-cd/notifications-slack,39,10.6427,54.3355,0.08,0.7273,2.2227,0.0002,344.9444,415.066,8
johnluffa/hello-world,7,0.0011,0.0017,0.0,0.0001,0.0016,0.0001,0.005,0.0074,7
arthurimirzian/salesforce-jwt-bearer-token-flow,5,11.4899,16.8179,0.67,2.0572,10.4286,0.01,44.2815,57.4496,1
bywatersolutions/koha-plugin-cloudlibrary,5,65.4566,81.869,0.0,0.3532,136.1206,0.0012,190.8049,327.283,2
TNG/karma-child-process,2,17.0098,0.0005,17.01,17.0103,17.0103,17.0092,17.0103,34.0196,0
DFE-Digital/login.dfe.sanitization,4,0.0114,0.0129,0.0,0.0045,0.0338,0.0032,0.0338,0.0457,4
amadeus4dev/amadeus-node,91,29.0931,62.9945,0.36,2.7952,29.4277,0.0001,380.901,2647.4684,16
7c/telegraf-metrix-node,1,0.0001,0.0,0.0,0.0001,0.0001,0.0001,0.0001,0.0001,1
nci-hcmi-catalog/portal,791,30.9729,92.1393,0.02,3.6794,25.2246,0.0001,779.0017,24499.5997,222
stellarguard/stellarguard,23,52.6792,81.6677,0.01,3.269,61.3612,0.0002,352.3257,1211.6215,7
flespi-software/flespi-io-js,5,22.76,40.475,0.87,2.8082,6.4621,0.0737,103.5897,113.7999,0
webdriverio-community/wdio-docker-service,90,7.2784,23.8074,0.0,0.2588,2.7177,0.0001,162.8151,655.0581,38
joue-quroi/spoof-timezone,6,54.016,67.3862,4.08,16.7358,118.8156,0.0969,173.8607,324.0957,0
lucascantor/blog.lucascantor.com,22,0.0001,0.0002,0.0,0.0001,0.0001,0.0001,0.0011,0.0032,22
yyx990803/launch-editor,10,56.9289,98.8453,0.4,4.3121,51.4897,0.1017,253.195,569.2891,0
discourse-lab/Connective-Lex.info,3,0.0001,0.0001,0.0,0.0001,0.0003,0.0001,0.0003,0.0004,3
yanagiragi/SubscriptionsWeb,3,0.4102,0.4994,0.0,0.1174,1.1131,0.0001,1.1131,1.2306,1
Prozi/pixi-shim,10,82.9085,118.8832,9.7,46.2501,89.1591,0.0564,424.7002,829.085,0
sunwu51/notebook,2,1.4213,0.7192,0.7,2.1406,2.1406,0.7021,2.1406,2.8427,0
TCNOco/TcNo-Steam-Card-Assistant,1,88.9142,0.0,88.91,88.9142,88.9142,88.9142,88.9142,88.9142,0
Esri/arcade-expressions,30,35.6028,79.4507,0.41,2.0165,7.7097,0.0002,292.064,1068.0838,5
gkjohnson/urdf-loaders,160,43.2031,117.9168,0.48,3.5769,19.9704,0.0,835.0978,6912.5012,19
corygibbons/react-file-icon,14,14.4984,34.9602,0.05,0.2772,6.9862,0.0011,134.0132,202.9782,3
vinsonchuong/puppet-strings,23,158.6302,151.5059,16.08,116.9346,251.6623,0.0002,479.8002,3648.4953,1
vinsonchuong/passing-notes,17,78.1894,94.78,11.97,53.8385,90.272,0.0164,326.7753,1329.2199,2
ShowingCloud/Nashira,5,1.2154,2.2028,0.01,0.0218,0.4345,0.0008,5.6087,6.0772,3
ShowingCloud/Dabih,6,1.4635,1.5613,0.16,1.6497,2.0059,0.002,4.5296,8.7813,1
datamade/bga-payroll,438,62.294,158.6583,0.05,3.997,26.2237,0.0001,748.7352,27284.7516,109
xemuliam/misc,1,0.0002,0.0,0.0,0.0002,0.0002,0.0002,0.0002,0.0002,1
energydrink9/functional-data-grid,23,13.893,34.7037,0.03,0.7254,7.2322,0.0014,134.8486,319.5381,6
y13i/cfn-schema,192,2.9079,12.579,0.0,0.0004,0.0762,0.0,107.5289,558.3245,139
IonicaBizau/vignere-babbage-cipher,6,0.0001,0.0001,0.0,0.0002,0.0002,0.0001,0.0003,0.0009,6
IonicaBizau/videomost,4,13.2081,22.8769,0.0,0.0001,52.832,0.0001,52.832,52.8323,3
IonicaBizau/msdos-editor,5,0.0001,0.0,0.0,0.0001,0.0001,0.0001,0.0001,0.0004,5
scott113341/group-sms,7,18.0458,42.3804,0.05,0.0521,4.1734,0.0461,121.7983,126.3209,0
reneghosh/reneghosh.github.io,2,0.001,0.0002,0.0,0.0011,0.0011,0.0008,0.0011,0.0019,2
onechiporenko/ember-bootstrap-modals-manager,27,5.3734,15.497,0.06,0.7113,2.7839,0.0001,79.5775,145.0831,5
Linaro/lkft-website,281,6.0226,34.2475,0.0,0.0126,0.8519,0.0003,434.8536,1692.3641,160
NeoResearch/neocompiler-eco,84,23.2701,61.3,0.12,0.8348,14.978,0.0001,404.1006,1954.6854,17
ebaauw/homebridge-music,20,19.967,38.0282,1.25,8.025,21.1556,0.0048,173.155,399.3397,2
lesteve/userscripts,2,20.3128,20.2776,0.04,40.5905,40.5905,0.0352,40.5905,40.6257,1
honeycombio/beeline-nodejs,195,30.3119,98.3414,0.16,1.562,12.004,0.0002,834.3316,5910.826,23
belachkar/nodekb,2,30.8222,26.9457,3.88,57.7679,57.7679,3.8766,57.7679,61.6445,0
pageboard/client,56,125.6589,162.6719,2.95,28.0262,327.1769,0.0006,485.1156,7036.8999,4
TwoStoryRobot/eslint-config,22,13.8543,33.6546,0.0,0.2394,10.7375,0.0001,148.9019,304.7937,8
Merkoba/Huebot,2,0.1046,0.1028,0.0,0.2074,0.2074,0.0017,0.2074,0.2092,1
tvanro/prerender-alpine,7,1.7711,2.4758,0.04,0.9966,1.8451,0.0012,7.6618,12.3978,1
