,projectName,issues_analyzed,mean_days,std_dev_days,p25_days,median_days,p75_days,min_days,max_days,total_days
0,21ca.github.io,,,,,,,,,
1,6r1d.github.io,,,,,,,,,
2,aggregation-repository-provider,1161.0,0.2593,0.7745,0.01,0.023,0.1731,0.0,11.5286,301.0453
3,AHIA,,,,,,,,,
4,alfaromontufar.github.io,,,,,,,,,
5,altcoin-charter,,,,,,,,,
6,angular-devkit-core-builds,,,,,,,,,
7,angular-devkit-schematics-cli-builds,,,,,,,,,
8,api_automation_test,74.0,104.0008,107.2573,6.14,68.9706,162.2094,0.0002,351.8436,7696.0558
9,asl-public-api,309.0,1.0208,2.3584,0.01,0.0555,0.8464,0.0004,16.9064,315.4289
10,asl-service,214.0,0.7071,2.032,0.0,0.018,0.2332,0.0002,20.7485,151.3175
11,BatGenV2,,,,,,,,,
12,Battle-City,,,,,,,,,
13,battle-pong,,,,,,,,,
14,beeline-nodejs,195.0,30.3119,98.3414,0.16,1.562,12.004,0.0002,834.3316,5910.826
15,bio,,,,,,,,,
16,Blocks-N-Head,,,,,,,,,
17,blocks-script,10.0,0.221,0.1991,0.04,0.1802,0.4582,0.0107,0.5761,2.21
18,bootcamp-manager,,,,,,,,,
19,bugsnag-build-reporter-node,8.0,7.6741,5.5233,4.75,7.6829,13.9108,0.0047,15.0116,61.3926
20,bundler,242.0,4.4026,6.9836,0.8,2.2778,4.8222,0.0008,61.4492,1065.4188
21,calculator,,,,,,,,,
22,calendar_weekly,,,,,,,,,
23,canboatjs,138.0,4.0708,12.9254,0.0,0.0016,0.3794,0.0001,96.1549,561.7756
24,ccd97.github.io,,,,,,,,,
25,cfn-execute-change-set,2.0,4.2393,2.5487,1.69,6.788,6.788,1.6906,6.788,8.4786
26,cfn-schema,192.0,2.9079,12.579,0.0,0.0004,0.0762,0.0,107.5289,558.3245
27,ChangWinde.github.io,,,,,,,,,
28,client,56.0,125.6589,162.6719,2.95,28.0262,327.1769,0.0006,485.1156,7036.8999
29,CommandQueue,,,,,,,,,
30,Connective-Lex.info,3.0,0.0001,0.0001,0.0,0.0001,0.0003,0.0001,0.0003,0.0004
31,Dabih,6.0,1.4635,1.5613,0.16,1.6497,2.0059,0.002,4.5296,8.7813
32,dan-mba.github.io,37.0,0.5444,1.8805,0.0,0.198,0.2248,0.0001,11.5377,20.1435
33,dashboard,862.0,35.7504,94.334,0.33,4.7357,24.8102,0.0004,928.8499,30816.877
34,data-sources-parser,8.0,0.7611,1.0282,0.03,0.1029,1.8467,0.0272,2.9131,6.089
35,dd-trace-js,1097.0,28.4496,105.1203,0.08,0.9338,5.1885,0.0001,883.0836,31209.159
36,denmarkg.github.io,,,,,,,,,
37,DevAV,,,,,,,,,
38,DhananjayGupta300.github.io,,,,,,,,,
39,dhjz.github.io,,,,,,,,,
40,dicomviewer,61.0,39.4256,63.6939,1.48,9.8708,41.5689,0.001,324.3463,2404.9641
41,discord-encryption,7.0,153.3895,201.379,0.34,56.6904,459.0043,0.0168,479.0062,1073.7267
42,django-auth0-vue,,,,,,,,,
43,django-globus-portal-framework,95.0,49.8068,89.4743,0.0,4.1591,40.8277,0.0001,353.3769,4731.6448
44,duchuydo.github.io,,,,,,,,,
45,electerm-locales,14.0,0.4443,0.7086,0.0,0.2769,0.5641,0.0001,2.7585,6.2201
46,ember-bootstrap-modals-manager,27.0,5.3734,15.497,0.06,0.7113,2.7839,0.0001,79.5775,145.0831
47,ember-mobile-menu,96.0,39.5703,111.8218,0.01,0.0535,5.7636,0.0001,656.9007,3798.7491
48,ember-mobile-pane,19.0,54.2242,100.1804,0.0,0.8514,60.5974,0.0,359.5602,1030.2594
49,emporniumuserscripts,,,,,,,,,
50,eth-crypto,342.0,1.7906,10.1367,0.04,0.0634,0.1117,0.0003,110.1597,612.3926
51,ev-church-website,1.0,1.0203,0.0,1.02,1.0203,1.0203,1.0203,1.0203,1.0203
52,explorer,447.0,46.3677,75.5076,2.68,12.6753,58.0513,0.0001,468.8917,20726.3623
53,fastify-citgm,1.0,0.8166,0.0,0.82,0.8166,0.8166,0.8166,0.8166,0.8166
54,fdk-node,26.0,17.0674,61.5946,0.06,0.8011,9.803,0.0015,323.1273,443.7519
55,find-this-value,2.0,0.0009,0.0001,0.0,0.001,0.001,0.0008,0.001,0.0019
56,firefox-extensions,,,,,,,,,
57,flespi-io-js,5.0,22.76,40.475,0.87,2.8082,6.4621,0.0737,103.5897,113.7999
58,fluid,370.0,28.6388,147.5478,0.0,0.0011,2.8394,0.0001,2481.7299,10596.3517
59,forte-table,24.0,9.3108,18.3542,0.01,0.0885,6.7783,0.0003,61.6576,223.4583
60,fosskers.ca,37.0,21.763,87.7948,0.01,0.2295,0.8582,0.0001,479.163,805.2293
61,fredy,13.0,17.0648,33.3599,0.0,4.745,11.2453,0.0002,124.6295,221.842
62,frontend,42.0,2.1947,6.6973,0.03,0.0789,0.1914,0.0005,31.1201,92.1764
63,fsttheme,,,,,,,,,
64,functional-data-grid,23.0,13.893,34.7037,0.03,0.7254,7.2322,0.0014,134.8486,319.5381
65,gauravagarwalr.com,,,,,,,,,
66,gomoku,,,,,,,,,
67,graphql-dotnet.github.io,,,,,,,,,
68,group-sms,7.0,18.0458,42.3804,0.05,0.0521,4.1734,0.0461,121.7983,126.3209
69,grunt-simple-nyc,7.0,10.6377,10.8493,2.58,4.1792,26.9971,0.0016,27.2318,74.4639
70,hapi-pg-rest-api,114.0,44.9806,73.0809,0.99,16.9733,58.3037,0.0001,429.5434,5127.788
71,hegyhati.github.io,,,,,,,,,
72,HeliosLauncher,108.0,25.4999,83.8535,0.11,0.7742,14.1417,0.0003,588.9508,2753.99
73,hello-world,7.0,0.0011,0.0017,0.0,0.0001,0.0016,0.0001,0.005,0.0074
74,hexChess,,,,,,,,,
75,highcharts-utils,28.0,33.7952,93.8903,0.1,0.8207,4.0446,0.0002,394.9334,946.2649
76,homebrew,729.0,0.9488,6.2972,0.04,0.1802,0.5296,0.0001,146.5225,691.6577
77,hopperrr.github.io,,,,,,,,,
78,hosea,,,,,,,,,
79,hosted-fields-sdk,12.0,41.8258,63.8502,2.02,14.1247,99.7132,0.0016,214.1786,501.9092
80,hotballoon,27.0,47.6605,73.4929,0.0,0.0133,133.4493,0.0003,196.4152,1286.834
81,html_to_md,1.0,10.7456,0.0,10.75,10.7456,10.7456,10.7456,10.7456,10.7456
82,Huebot,2.0,0.1046,0.1028,0.0,0.2074,0.2074,0.0017,0.2074,0.2092
83,id-auth,,,,,,,,,
84,idsia-robotics.github.io,3.0,0.0059,0.0058,0.0,0.0018,0.014,0.0017,0.014,0.0176
85,jamestim9215.github.io,,,,,,,,,
86,JavaScriptGrunnkurs,,,,,,,,,
87,jquery-ui,,,,,,,,,
88,jquery.autoSizes,,,,,,,,,
89,jvorob.github.io,,,,,,,,,
90,JZZ-input-Kbd,,,,,,,,,
91,karma-child-process,2.0,17.0098,0.0005,17.01,17.0103,17.0103,17.0092,17.0103,34.0196
92,kis-jsdoc-plugin,5.0,19.5289,16.5604,10.05,17.335,20.8289,0.007,49.4247,97.6446
93,koha-plugin-cloudlibrary,5.0,65.4566,81.869,0.0,0.3532,136.1206,0.0012,190.8049,327.283
94,laravel-mail-viewer,2.0,15.5451,15.5219,0.02,31.067,31.067,0.0232,31.067,31.0902
95,larvitbase-www,50.0,27.0216,69.3793,0.05,0.1137,21.0876,0.0011,354.0704,1351.0806
96,launch-editor,10.0,56.9289,98.8453,0.4,4.3121,51.4897,0.1017,253.195,569.2891
97,learn-web,42.0,20.2498,116.7553,0.0,0.006,0.1789,0.0001,767.4618,850.4898
98,LearningSystem,2.0,32.7114,20.5464,12.17,53.2578,53.2578,12.1651,53.2578,65.4229
99,lkft-website,281.0,6.0226,34.2475,0.0,0.0126,0.8519,0.0003,434.8536,1692.3641
100,login.dfe.audit.winston-sequelize-transport,20.0,1.346,5.5817,0.0,0.0151,0.0608,0.0011,25.6707,26.9195
101,login.dfe.saml-assertions,85.0,3.4614,27.2064,0.0,0.0092,0.0509,0.0001,251.4939,294.2167
102,login.dfe.support,310.0,2.8176,14.96,0.0,0.026,0.5704,0.0002,210.9842,873.4552
103,main,,,,,,,,,
104,manage-key-workers,515.0,0.401,2.5152,0.01,0.0248,0.0875,0.0001,51.327,206.5034
105,maproulette3,1423.0,32.6631,107.4665,0.02,0.5257,6.0349,0.0001,766.013,46479.5451
106,materialdesignweb,8.0,12.7516,25.375,0.21,0.7604,14.5773,0.0196,78.6639,102.0131
107,mathemat-lab,,,,,,,,,
108,maybe2020.github.io,4.0,29.6947,22.2204,27.29,27.8081,63.1163,0.5632,63.1163,118.7787
109,mb-portfolio,,,,,,,,,
110,Minesweeper-React,,,,,,,,,
111,mini_startpage,,,,,,,,,
112,miroshkin.github.io,11.0,18.8629,47.2004,0.0,0.0049,0.0055,0.0006,162.4719,207.4921
113,moodle-tool_opencast,16.0,34.6427,59.7103,0.08,8.9599,36.0616,0.0001,235.3601,554.2825
114,MPMBs,,,,,,,,,
115,msdos-editor,5.0,0.0001,0.0,0.0,0.0001,0.0001,0.0001,0.0001,0.0004
116,Nashira,5.0,1.2154,2.2028,0.01,0.0218,0.4345,0.0008,5.6087,6.0772
117,nebrasketball,,,,,,,,,
118,nikuman,428.0,8.7947,28.6443,0.04,0.0702,0.4613,0.0005,332.0237,3764.1487
119,node-edfsm,,,,,,,,,
120,node-mqttsngw-mqttbroker,3.0,140.0573,100.2188,0.27,189.7087,230.1958,0.2674,230.1958,420.172
121,node-red-contrib-evohome,1.0,2.9682,0.0,2.97,2.9682,2.9682,2.9682,2.9682,2.9682
122,nodekb,2.0,30.8222,26.9457,3.88,57.7679,57.7679,3.8766,57.7679,61.6445
123,nono-sam,,,,,,,,,
124,nosso_amigo_secreto,,,,,,,,,
125,notifications-slack,39.0,10.6427,54.3355,0.08,0.7273,2.2227,0.0002,344.9444,415.066
126,oasis.cbd.int,39.0,0.1064,0.4495,0.0,0.0008,0.0404,0.0001,2.8494,4.151
127,OldTimeHockey,56.0,156.5922,147.3483,5.96,194.0938,265.0541,0.0002,689.2495,8769.1615
128,orgajs,45.0,55.1949,104.8235,0.91,11.0331,46.4366,0.0017,613.0926,2483.769
129,Otee,,,,,,,,,
130,passing-notes,17.0,78.1894,94.78,11.97,53.8385,90.272,0.0164,326.7753,1329.2199
131,passport,11.0,41.7527,98.6475,0.01,0.8728,30.1176,0.0064,346.5099,459.2795
132,personal_website,,,,,,,,,
133,Pool,1.0,0.9096,0.0,0.91,0.9096,0.9096,0.9096,0.9096,0.9096
134,portal,791.0,30.9729,92.1393,0.02,3.6794,25.2246,0.0001,779.0017,24499.5997
135,portfolio,,,,,,,,,
136,prepply,,,,,,,,,
137,prerender-alpine,7.0,1.7711,2.4758,0.04,0.9966,1.8451,0.0012,7.6618,12.3978
138,puerto-rico-scoresheet,7.0,36.28,46.5146,0.55,2.7705,80.7733,0.224,126.6295,253.9597
139,quanthub,79.0,7.6719,28.108,0.0,0.0097,2.6571,0.0018,174.8023,606.0804
140,random-word-wikipedia,4.0,2.1184,2.9016,0.08,1.2423,7.0762,0.0749,7.0762,8.4738
141,RCGame.github.io,,,,,,,,,
142,react-badly,41.0,12.2067,13.1653,3.0,11.9986,15.638,0.0025,63.6392,500.4734
143,react-file-icon,14.0,14.4984,34.9602,0.05,0.2772,6.9862,0.0011,134.0132,202.9782
144,react_playground,,,,,,,,,
145,remote,,,,,,,,,
146,reneghosh.github.io,2.0,0.001,0.0002,0.0,0.0011,0.0011,0.0008,0.0011,0.0019
147,rifat-hossain.github.io,,,,,,,,,
148,robinaone.github.io,,,,,,,,,
149,romanesco-theme,,,,,,,,,
150,safe-to-swim,,,,,,,,,
151,SampleAPIs,107.0,4.0343,19.5587,0.0,0.0011,0.1797,0.0001,154.762,431.6671
152,schematics-angular-builds,,,,,,,,,
153,ShayanPersonal.github.io,,,,,,,,,
154,shruti3101.github.io,,,,,,,,,
155,simple-server,,,,,,,,,
156,site-settings-seo,12.0,103.0129,160.4158,2.13,9.7245,217.3913,0.0795,561.0237,1236.1554
157,sm-crypto,24.0,117.1732,163.1366,9.41,30.8426,271.1905,0.0386,585.0076,2812.1567
158,smerge,62.0,78.5606,133.287,2.33,15.3033,130.1491,0.0001,542.8378,4870.759
159,snowflake-connector-nodejs,106.0,12.7237,28.9536,0.03,0.8836,9.0258,0.0001,147.3525,1348.7138
160,snowstorm,,,,,,,,,
161,SoftUniPractice,,,,,,,,,
162,sonnen-dashboard,2.0,0.0025,0.0016,0.0,0.0041,0.0041,0.0009,0.0041,0.005
163,soundTest,,,,,,,,,
164,spoof-timezone,6.0,54.016,67.3862,4.08,16.7358,118.8156,0.0969,173.8607,324.0957
165,sprinter-turtle,,,,,,,,,
166,stanlee12.github.io,,,,,,,,,
167,stats-of-the-storm,294.0,17.0186,66.656,0.28,2.1107,9.1845,0.0,949.7661,5003.4616
168,stellarguard,23.0,52.6792,81.6677,0.01,3.269,61.3612,0.0002,352.3257,1211.6215
169,sticky-events,128.0,5.6027,28.6516,0.01,0.1136,0.642,0.0002,239.7383,717.1514
170,stills,3.0,32.7901,43.7261,0.01,3.772,94.5899,0.0085,94.5899,98.3704
171,streetlives-api,40.0,35.616,75.581,0.1,2.9186,33.1265,0.0002,320.3325,1424.6384
172,study-collections,,,,,,,,,
173,SubscriptionsWeb,3.0,0.4102,0.4994,0.0,0.1174,1.1131,0.0001,1.1131,1.2306
174,surveyjs-wordpress,9.0,58.8072,110.8449,2.88,6.6436,11.0965,0.0548,344.886,529.2652
175,svenenwouter2,51.0,20.9782,34.599,0.56,4.3814,30.9049,0.0002,137.5812,1069.8881
176,svn-repository-provider,660.0,0.3627,1.394,0.01,0.0346,0.1824,0.0001,16.7906,239.3834
177,TCDI,5.0,1.1699,0.836,0.95,1.0588,1.0964,0.0817,2.6672,5.8494
178,ThunderSite,20.0,2.0087,6.9579,0.0,0.0008,0.5544,0.0001,31.8481,40.1745
179,trial-bot,,,,,,,,,
180,TweetTest,,,,,,,,,
181,unimail,74.0,35.8216,121.825,3.42,13.9879,31.3545,0.0011,1032.0613,2650.7966
182,upVotePlugin,9.0,5.4702,12.727,0.02,0.4134,0.9238,0.0002,41.1227,49.2314
183,urdf-loaders,160.0,43.2031,117.9168,0.48,3.5769,19.9704,0.0,835.0978,6912.5012
184,user-app,620.0,3.2128,12.7467,0.06,0.2447,2.0108,0.0001,139.945,1991.9272
185,userscripts,1.0,1.1714,0.0,1.17,1.1714,1.1714,1.1714,1.1714,1.1714
186,videomost,4.0,13.2081,22.8769,0.0,0.0001,52.832,0.0001,52.832,52.8323
187,vue-mta-activity,,,,,,,,,
188,vue-nutrition-label,3.0,0.1874,0.1326,0.0,0.268,0.2938,0.0005,0.2938,0.5623
189,vue-signature-pad,255.0,19.5104,32.8017,0.04,4.4196,27.7264,0.0,305.7686,4975.1593
190,wai-website-theme,20.0,10.2447,41.2502,0.0,0.0192,0.6797,0.0001,189.8767,204.8932
191,webpack-bugsnag-plugins,46.0,31.2336,65.882,0.67,3.7417,32.8311,0.0055,305.0452,1436.7464
192,webpack-compass-imagehelper,8.0,0.0716,0.082,0.01,0.0111,0.1962,0.0092,0.1962,0.5725
193,webpack-mpa,579.0,1.0524,8.6549,0.27,0.4542,0.6991,0.0004,205.7734,609.3187
194,website,15.0,0.0043,0.0157,0.0,0.0001,0.0001,0.0001,0.0631,0.0641
195,website-source,,,,,,,,,
196,wikipedia-viewer-reactjs,,,,,,,,,
197,WME-GIS-Layers,51.0,16.4549,40.2666,0.05,0.694,2.8805,0.0001,166.1671,839.2022
198,yid,,,,,,,,,
199,zigbee-adapter,213.0,43.7515,140.6924,0.04,0.7491,5.7459,0.0001,1012.271,9319.0765
